name,address,commune_cut,phone,website,email,latitude,longitude
Clínica Veterinaria Concepción,Av. Pedro de Valdivia 897,08101,+56999951801,https://clinicaveterinariaconcepcion.cl,contacto@clinicaveterinariaconcepcion.cl,,
Clínica Veterinaria SOS,Lientur 669,08101,+56413180869,,,
Hospital Clínico Veterinario USS,Lientur 1457,08101,+56412487501,https://www.uss.cl,,,
Centro Veterinario Valle Nonguén,Treinta de Octubre 414,08101,+56962703087,,,-36.83473,-73.00212
Mi Veterinaria Concepción,Ongolmo 402,08101,+56940927209,,,
Centro Médico Veterinario Concepción,Juan de Dios Rivera 1757,08101,+56995352781,,,
Veterinaria Mascoti,Av. Chacabuco 224,08101,+56412797933,,,
Clínica Veterinaria Honu,Las Princesas 1777,08101,+56988753458,,,
Veterinaria Mascotas Talcahuano,Colón 1342,08110,+56975768139,http://veterinariatalcahuano.cl,contacto@veterinariatalcahuano.cl,-36.722517,-73.109946
Clínica Kennel,Colón 2870,08110,+56412584878,,,
Centro Veterinario Aitue,Av. Cristóbal Colón 6742,08110,+56998967551,,,
CondorVet,Los Cóndores 21,08110,+56413601109,,,
JaviVets,Valle San Eugenio Pje. Once 85,08110,+56933909449,https://javivets.com,,-36.76707,-73.08866
Clínica Veterinaria San Pedro,Los Acacios 56,08108,+56986696305,,,
Veterinaria Andalue,Cam. El Venado 580,08108,+56412791839,,,-36.8470,-73.0935
Clínica Veterinaria San Pedro de la Paz,Av. Pedro Aguirre Cerda 457,08108,+56412283386,,,
